exp,
[巨汗],
[好爱哦],
[黑线],
[转发],
[心碎],
[good],
[笑cry],
[抓狂],
[挤眼],
[挖鼻屎],
[呵呵],
[亲亲],
[胜利],
[害羞],
[耶],
[强],
[微笑],
[色],
[调皮],
[奋斗],
[呲牙],
[鼓掌],
[偷笑],
[憨笑],
[拳头],
[得意],
[白眼],
[玫瑰],
[酷],
[爱心],
[愉快],
[泪],
[奥特曼],
[怒],
[爱你],
[哈哈],
[生病],
[吃惊],
[失望],
[睡觉],
[汗],
[哼],
[微风],
[可怜],
[囧],
[蜡烛],
[心],
[鲜花],
[晕],
[干杯],
[月亮],
[怒骂],
[打哈气],
[可爱],
[嘻嘻],
[崩溃],
[泪流满面],
[躁狂症],
[馋嘴],
[拜拜],
[国庆65周年],
[花心],
[阴险],
[鄙视],
[=],
[思考],
[悲伤],
[闭嘴],
[太开心],
[ok],
[伤心],
[赞],
[傻眼],
[不要],
[doge],
[抠鼻],
[噢耶],
[草泥马],
[右哼哼],
[想一想],
[衰],
[偷乐],
[许愿],
[生气],
[好吃],
[如花],
[奸笑],
[飞机],
[浮云],
[音乐],
[给力],
[困],
[委屈],
[照相机],
[雷锋],
[太阳],
[作揖],
[抠鼻屎],
[好喜欢],
[嘘],
[猪头],
[去旅行],
[带着微博去旅行],
[马上有对象],
[喜],
[话筒],
[围观],
[左哼哼],
[流泪],
[/em],
[感冒],
[兔子],
[lt切克闹],
[下雨],
[xkl转圈],
[din推撞],
[满月],
[加油啊],
[得意地笑],
[威武],
[笑哈哈],
[好囧],
[haha],
[神马],
[顶],
[炸鸡和啤酒],
[疑问],
[萌],
[求关注],
[不好意思],
[懒得理你],
[吐],
[給力],
[浪],
[肥皂],
[太陽],
[女孩儿],
[赞啊],
[好棒],
[纠结],
[悲催],
[群体围观],
[喵喵],
[弱],
[男孩儿],
[蛋糕],
[沙尘暴],
[熊猫],
[震驚],
[愛你],
[骷髅],
[甩甩手],
[羞嗒嗒],
[大哭],
[坏笑],
[织],
[抱抱],
[礼物],
[握手],
[风扇],
[撇嘴],
[傷心],
[偷樂],
[崩潰],
[东方午新闻],
[别烦我],
[尴尬],
[推荐],
[霹雳],
[困死了],
[熊貓],
[浮雲],
[饞嘴],
[不想上班],
[瞧瞧],
[打脸],
[hold住],
[互相膜拜],
[啤酒],
[悠闲],
[A:,
上地华联馆B:五道口华清嘉园馆C:首钢篮球中心馆D:用友软件园馆],
[北京ITF跆拳道],
[震惊],
[咖啡],
[抱拳],
[疯了],
[话],
[给劲],
[钱],
[天呐！他去卖保险了！],
[?,
事咖啡],
[为了省事],
[冰淇淋布朗尼],
[熔岩蛋糕],
[大都会人寿每周工作日志],
[航展福利又来了],
[素虎素食餐厅],
[义利面包],
[游泳池],
[善建?,
行],
[流汗],
[素虎,
素食餐厅],
[沒人上街不一定沒人逛街],
[亏本10元转让],
[在干嘛],
[实习],
[/偷笑],
[/呲牙],
[发红包],
[发呆],
[钟],
[落叶],
[帅],
[爱心传递],
[做鬼脸],
[冰桶挑战],
[杰克逊],
[嘿嘿],
[CSCO2014],
[可愛],
[擠眼],
[,
干货,
],
[马到成功],
[围脖],
[愤怒],
[自行车],
[盘点],
[炸弹],
[饥饿],
[傲慢],
[勾引],
[足球],
[口水],
[疑惑],
[惊讶],
[右抠鼻],
[无语],
[傻笑],
[左抠鼻],
[哦耶],
[亲嘴],
[冷汗],
[拥抱],
[擦汗],
[来],
[惊恐],
[节日],
[雪人],
[电影],
[书呆子],
[互粉],
[怄火],
[太開心],
[睡覺],
[淚],
[带感],
[圍觀],
[嘴唇],
[cai庆祝],
[bed奔跑],
[lm招财猫],
[被电],
[针式打印机维修],
[理想速印机租赁],
[图书],
[江南style],
[跳跳],
[微風],
[还有18天],
[还有17天],
[还有15天],
[还有14天],
[还有13天],
[还有12天],
[还有11天],
[还有10天],
[还有9天],
[有鸭梨],
[还有7天],
[还有5天],
[还有4天],
[还有3天],
[鮮花],
[蠟燭],
[Chuckle],
[膜拜了],
[闪闪紫],
[xkl发财],
[乐乐],
[dino鬼脸],
[杰克逊]],
[雪族雪具],
[Laugh],
[toto我最摇滚],
[c变脸],
[nono卖帅],
[c得意笑],
[yz右边亮了],
[bm得意],
[gst嘿嘿嘿],
[gbz真穿越],
[梦圆时刻，精彩再现],
[无处不网球in北京day1],
[距李娜职业赛场最后一面还?小时！],
[ppb鼓掌],
[cc开心],
[g裸奔3],
[ali抱枕],
[哇哈哈],
[lm呆笑],
[lxhx跳跃],
[汽车],
[摳鼻屎],
[好愛哦],
[淚流滿面],
[好冏],
[转圈],
[再见],
[豬頭],
[頂],
[悲傷],
[塑唐新到],
[塑唐到货],
[塑唐预订],
[感动],
[c高明],
[cai开心],
[km侦探],
[❤️],
[讀完《蓋特露德》，彷彿靈魂於軀殼剝離，一切都釋然了。更加迷黑塞的書了。],
[劲能样],
[c摇摆],
[lt拍手],
[V5],
[真美好],
[亲一口],
[brd贺],
[乾杯],
[km唔],
[BOBO爱你],
[dada搬糖豆],
[哎呦熊害羞],
[lxhx奋斗],
[moc转发],
[cai太好了],
[bm做操],
[阳光],
[泪流满面]],
[yz偷着笑],
[左抱抱],
[yz焦糖舞],
[右抱抱],
[风],
[爱],
[ali你],
[萌萌捶地笑],
[nono看不见我],
[dx洗澡],
[bm大笑],
[nonomua],
[哎呦熊补妆],
[yz甩手绢],
[yz纳尼],
[cc呼啦],
[ali蜷],
[offthewall],
[gbz得意],
[NO],
[跳绳],
[闪电],
[发怒],
[bed飘忽],
[萌萌捂脸],
[七夕],
[bm高兴],
[丘比特],
[c看热闹],
[moc羞],
[yes],
[酷库熊有好礼],
[g吃糖],
[km?],
[放电],
[ala耶],
[酷库熊点头],
[ppb狂吃],
[路过],
[亲耳朵],
[lm嘿嘿],
[bofu啃西瓜],
[ali笑死了],
[闪闪红],
[杂技],
[xkl扭],
[不倒翁],
[交给我吧],
[酷库熊顽皮],
[bofu发愤图强],
[欢乐购车季],
[c开心],
[鞭炮],
[nono扭],
[xb风吹],
[nono挑逗],
[Wave],
[草泥馬],
[黑線],
[冒个泡],
[牛],
[飞吻],
[发抖],
[yz来看看],
[ali甩手],
[来]],
[打哈氣],
[xkl达达吐舌头],
[din兴奋],
[yz太好了],
[挑逗],
[欢欢],
[吃元宵],
[lt江南style],
[din阿赞福到],
[gst耐你],
[ali笑],
[lb嘻],
[bofu变脸],
[bm讨论],
[酷库熊亲亲],
[lxhx?],
[啦啦],
[lxhx咻],
[开心],
[哎呦熊yes],
[ali晃],
[ali打篮球],
[km白块旋转],
[菜刀],
[親親],
[贊],
[我爱我家,
全优房源],
[ali抱一抱],
[bofu票子快来],
[跳舞花],
[喜欢],
[ala蹦],
[哎呦熊做面膜],
[ala飞吻],
[爱情],
[哈欠],
[moc装酷],
[dino坏笑],
[青啤鸿运当头],
[萌萌扭屁股],
[bm可爱],
[嘿嘿嘿],
[ppb路过],
[ali飘],
[钻石],
[c大笑],
[扇子遮面],
[cc哈哈],
[km黑块旋转],
[爱你哦],
[dino热],
[km冷],
[lxhx得意],
[ali乐和],
[/爱心],
[要礼物],
[cc穿越],
[撒花],
[來],
[bofu蹦极],
[同意],
[xkl达达喜欢],
[lb帅],
[拍手],
[c摇头看],
[din拍手],
[moc看清楚],
[dino抠鼻],
[春暖花开],
[kiss],
[随手拍],
[微微笑],
[小地主],
[国旗],
[萌萌星星眼],
[xb风车],
[顶啊],
[瓢虫],
[哎呦熊掩面],
[lxhx蹭],
[ali摸摸头],
[糗大了],
[g桂宝],
[酷库熊微笑],
[cc蒙面],
[xkl困],
[ali送礼物],
[最差],
[/em]真的又方便效果又好，太适合经常熬夜的懒妹妹了…。赶快加我微信了解更多护肤明星产品、],
[不开心],
[强吻],
[lt赞],
[gbz穿越了],
[好得意],
[图片],
[彩虹],
[祈福],
[射门],
[bed啦啦啦],
[绿丝带],
[閉嘴],
[哈尼兔耶],
[昂],
[din癫当圣诞树],
[真V5],
[cc吃货],
[拜托],
[nono抛小球],
[ali得瑟],
[dino喝酒],
[轉發],
[nono害羞],
[lxhx狂欢],
[ali做鬼脸],
[拍照],
[喜欢你],
[/月亮],
[lt火车票],
[c得意],
[moc顶],
[dino高兴],
[yz扇扇子],
[咒骂],
[哎呦熊开饭咯],
[cc哎呦喂],
[贊啊],
[群體圍觀],
[微博],
[sad,
face],
[ali元宝],
[膜拜],
[j撒娇],
[哎呦熊感动],
[lt撒花],
[nono悠哉跑],
[din癫当招财猫],
[別煩我],
[km爱你],
[地球一小时],
[cc舞动],
[xb转],
[dino甜筒],
[鼓掌]男人们都定期做面膜了🌹],
[cai嘻嘻],
[ali哇],
[bed仰卧起坐],
[暈],
[哎呦熊鼓掌],
[ppb洗澡],
[记航材院的哭事],
[调皮]],
[白色格调的实景图],
[950平米香山清琴?0新中式风格独栋别墅装修效果图],
[lxhx?],
[km热],
[c亲亲],
[g狂笑],
[吃驚],
[威武]],
[悪魔への手紙],
[狮子],
[震撼],
[Lavida生活],
[收藏],
[bm吐槽],
[dino害羞],
[ppb裸走],
[好激动],
[xkl石化],
[kmAI],
[闪],
[起亚律动],
[dino数钱],
[ppb叮叮当],
[moc鬼脸],
[咆哮],
[流淚],
[ali蹭],
[bofu给力],
[lxhx?],
[bm好吧],
[星],
[lm贼笑],
[龙啸],
[g闪牙2],
[ali亲一个],
[bm醒悟],
[xkl喜],
[ali风筝],
[din癫当阿赞变身],
[喵],
[bm得瑟],
[吃货],
[bm咧嘴],
[xb兴奋],
[dx脸红],
[欢欣鼓舞],
[bed飞吻],
[bofu心动],
[xkl期待],
[km上传],
[ppb啊],
[酷库熊鼓掌],
[温暖帽子],
[c左右看],
[福到啦],
[圣诞老人],
[km眼镜],
[摘要],
[lm点头],
[cc亲亲],
[嘿],
[奥运金牌],
[bobuyaoa],
[购车季],
[傻傻笑],
[?苏轼《临江仙》],
[?孟浩然《初秋》],
[?李朴《中秋》],
[?刘禹锡《八月十五夜玩月》],
[?苏轼《中秋月》],
[?张九龄《望月怀?,
》],
[唐·李商隐《夜雨寄北》],
[相时而动,
＜左?隐公十一年＞],
[?张九龄《望月怀远》],
[?杜甫《月夜忆舍弟》],
[?苏轼《阳关曲》],
[宋·欧阳修《采桑子》],
[英国],
[宋·晏几道《生查子》],
[?白居易《问刘十九》],
[?李煜《相见欢》],
[司马?《西江月》],
[?王安石《千秋岁引》],
[?范仲淹《渔家傲》],
[?,
龚自珍《己亥杂诗》],
[?高适《别董大二首》],
[?,
郑思肖《寒菊》],
[?曹雪芹《咏菊》],
[?白居易《咏菊》],
杨万里《咏菊?,
[?王安石《咏菊》],
[唐末.黄巢《不第后赋菊》别名《咏菊],
[刘彻《秋风辞》],
[朱元谭《咏菊》],
[?苏轼《卜算子》],
[注],
[?刘禹?,
《秋词》],
[?谢逸《点绛唇》],
[?谢逸《临江仙（重九）》],
[?王维,
《山居秋暝》],
[?杜甫《望岳》],
[?郑燮,
《竹石》],
[孟浩然《过故人庄?,
[nono星星眼],
[ali88],
[din厉害],
[km花猫],
[lm花痴],
[凋谢],
[9?3号],
[游泳],
[lm天然呆],
[c帅],
[xkl追],
[km好吃惊],
[km好吃],
[ali狂笑],
[有点困],
[怒罵],
[km情书],
[em],
[yz招财猫],
[orz],
[km亲亲黑块],
[lt中枪],
[dino吃饭],
[路过这儿],
[最右],
[yzoye],
[北京],
[km亲亲白块],
[独家明星套装],
[禮物],
[din癫当阿赞圣诞奔],
[ali嘘嘘嘘],
[din挥手],
[ppb卖萌],
[ali美好],
[ali羞],
[天秤],
[bm亲吻],
[din癫当阿赞礼物],
[lxhx奔跑],
[cc嘿嘿],
[nono眨眼],
[bed举哑铃],
[ali揪],
[快哭了],
[爱爱爱],
[din揮手],
[搞笑],
[哨子],
[bm震惊],
[圆蛋快乐],
[帮忙转一下],
[打哈欠],
[c摇头萌],
[Skull],
[鸭梨],
[g口水],
[手套],
[媚眼],
[脚印],
[ali飞],
[1],
[ISUX转译],
[我爱西瓜],
[xkl下雪],
[lxhx笑],
[ali打滚],
[km侠盗],
[lxhx喵喵],
[yeah],
[爆发],
[cc运动],
[kmV],
[登录百度帐号],
[Microsoft,
Internet,
Information,
Services,
(IIS),
5,
?,
6,
状态代码的描述],
[申请取消热点分享],
[j来嘛],
[ppb裸舞],
[km切],
[萌萌石化],
[lt摇摆],
[睡大觉],
[dx晒],
[热吻],
[j微博益起来],
[ali点头],
[lt拍桌大笑],
[yz欢呼],
[cai潜水],
[ala加油],
[bm干笑],
[得意]],
[/可爱],
[g惊讶2],
[射手座],
[赵梦迪],
[迪],
[玲],
[sxy],
玲],
[西瓜],
[睡],
[斜眼],
[袜子],
[gst揉揉脸],
[g墨镜1],
下载地址,
http://t.cn/8ssujSe,
[xb大笑],
[哎呦熊开心],
[lm干笑],
[大红灯笼],
[bm血泪],
[c甩舌头],
[敲打],
[悟],
[音樂],
[可憐],
[km醉],
[ali转],
[手机],
[胡萝卜],
[QNN-吉“象”如意]],
[吓],
[(+from)],
[bool,
funny],
[饭拍],
[by,
2Umaomao],
[鄙視],
[难过],
[/得意],
[zimbio],
[美国Bobo8月销量再创新?],
[马云是首富了,这照片很搞笑]
[笑cry]],
[YIGA音乐专场],
[生病]],
[纵游网],
[OK],
[文章],
[剪刀手],
[DMC嫩到出水保濕霜],
[粉丝投稿],
[神馬],
[bed凌乱],
[磕头],
[投降],
[],
[你好，交个朋友吧],
[第一张是借游客的18-135红圈],
[红丝带],
[/色],
[大兴],
[/微笑],
[高端定制版],
[啤酒]],
[右边亮了],
[嘻嘻]],
[2014.7.30],
[2014.8.25],
[2014.8.22],
[2014.8.24],
[2014.8.29],
[2014.9.1],
[2014.9.8],
[亚马逊创始人联合波音洛克希德研发火箭引擎],
[外媒：法国一座广场命名为“邓小平广场”],
[北京试点设社会公益性岗?,
工资待遇不低于最低工资],
[美报：美元延续上升势?,
凸显美经济复苏],
[华北商埠石家庄：天桥市场成记?,
开启电商元年],
[Bio-Oil],
