num,inf
7,# (cur) (last) 16:45£¬ 13 January 2007 DailosTamanca (Talk | contribs) (100£¬959 bytes) (Undid revision xxxxxxxxx by Moisescorral (talk); i support Gustava's changes)
8,# (cur) (last) 15:35£¬ 13 January 2007 Moisescorral (Talk | contribs) (102£¬461 bytes) (Undid revision xxxxxxxxx by Gustava (talk) You propose FIRST£¬ then you DELETE!)
9,# (cur) (last) 14:44£¬ 13 January 2007 Gustava (Talk | contribs) (100£¬959 bytes) (Undid revision xxxxxxxxx User:Moisescorral Undo edit-warring under article probation. There is a conjovial discussion going on on talk; feel free to join it)
10,# (cur) (last) 12:15£¬ 13 January 2007 Moisescorral (Talk | contribs) (102£¬461 bytes) (Undid revision xxxxxxxxx by Gustava (talk) Discuss on the talkpage which you want removed and criteria FIRST!)
15,# (cur) (last) 16:24£¬ 10 January 2007 Edemir (Talk | contribs) m (102£¬458 bytes) (Reverted good faith edits by Dragon; No need to dampen it; the reference points to a blanket opinion of psychiatry and psychology.. using TW)
17,# (cur) (last) 16:17£¬ 9 January 2007 Selena (Talk | contribs) (102£¬458 bytes) (Undid revision xxxxxxxxx by Selena (talk) After rereading the external link policy£¬ undoing own undo.)
18,# (cur) (last) 16:06£¬ 9 January 2007 Selena (Talk | contribs) (102£¬549 bytes) (Undid revision xxxxxxxxx by Gustava (talk) Actually£¬ Open Religion Group is a Paraiso web site and is appropriate.)
26,# (cur) (last) 00:14£¬ 3 January 2007 Cuervohana (Talk | contribs) m (102£¬167 bytes) (?"Paraiso Manifesto" - Added {{main|"Paraiso Manifesto"}})
29,# (cur) (last) 23:05£¬ 31 December 2006 DailosTamanca (Talk | contribs) (102£¬079 bytes) (''Louts'' is plural in the reference; Undid revision xxxxxxxxx by VictoriaV (talk))
30,# (cur) (last) 22:04£¬ 31 December 2006 VictoriaV (Talk | contribs) m (102£¬094 bytes) (Reverted 1 edit by DailosTamanca; Sorry£¬ but this is not what the ref says. sounds better£¬ true£¬ but it false.. (TW))
40,# (cur) (last) 14:30£¬ 20 December 2006 Edemir (Talk | contribs) (102£¬188 bytes) (Undid revision xxxxxxxxx by Sevilla (talk) - Counselor doesn't need quotes here.)
41,# (cur) (last) 14:18£¬ 20 December 2006 Gustava (Talk | contribs) (102£¬190 bytes) (undo POV edit http://null by 61.9.148.x)
50,# (cur) (last) 05:16£¬ 17 December 2006 Juanmibecerra (Talk | contribs) (115£¬741 bytes) (Minor revision (dealing with double negatives) on Paraiso as a State-recognized religion section.)
56,# (cur) (last) 15:42£¬ 14 December 2006 Salvatora (Talk | contribs) m (115£¬832 bytes) (Reverted to revision xxxxxxxxx by Honoria; vandalism.)
59,# (cur) (last) 15:32£¬ 14 December 2006 Sorruno (Talk | contribs) (115£¬784 bytes) (Undid revision xxxxxxxxx by 98.203.74.x (talk))
63,# (cur) (last) 14:08£¬ 14 December 2006 SilviaBot (Talk | contribs) m (115£¬698 bytes) (BOT - Reverted edits by McGonagal {possible vandalism} to revision #xxxxxxxxx by "Ismaelsmr".)
65,# (cur) (last) 13:00£¬ 14 December 2006 Ismaelsmr (Talk | contribs) m (115£¬698 bytes) (Reverted edits by 87.68.156.x (talk) to last version by Hamsterlopithecus)
68,# (cur) (last) 09:03£¬ 14 December 2006 Honoria (Talk | contribs) m (115£¬832 bytes) (Reverted edits by 150.204.165.x (talk) to last version by Salvatora)
70,# (cur) (last) 09:01£¬ 14 December 2006 Salvatora (Talk | contribs) m (115£¬832 bytes) (Reverted edits by 150.204.165.x (talk) to last version by Honoria)
72,# (cur) (last) 09:00£¬ 14 December 2006 Honoria (Talk | contribs) m (115£¬832 bytes) (Reverted edits by 150.204.165.x (talk) to last version by Cansado)
74,# (cur) (last) 07:32£¬ 14 December 2006 Cansado (Talk | contribs) (115£¬832 bytes) (Undid revision xxxxxxxxx by 80.2.12.x (talk))
75,# (cur) (last) 07:31£¬ 14 December 2006 Cansado (Talk | contribs) (115£¬895 bytes) (Undid revision xxxxxxxxx by 80.2.12.x (talk) "calling" has connotations not in line with quote)
78,# (cur) (last) 05:01£¬ 14 December 2006 BakBOT (Talk | contribs) (115£¬832 bytes) (Reverting possible vandalism by Special:Contributions/67.55.3.x to version by Cancerbero8. False positive? report it. Thanks£¬ User:BakBOT. (120601) (Bot))
80,# (cur) (last) 04:04£¬ 14 December 2006 Cancerbero8 (Talk | contribs) (115£¬832 bytes) (Reverted 1 edit by 69.152.204.x (talk) to last revision by 207.144.91.x)
83,# (cur) (last) 02:23£¬ 14 December 2006 Idolina (Talk | contribs) m (115£¬831 bytes) (rv "sole". Probably intended to say "are solely the" instead of "are the sole" but I'm not sure.)
84,# (cur) (last) 02:03£¬ 14 December 2006 BakBOT (Talk | contribs) (115£¬836 bytes) (Reverting possible vandalism by Special:Contributions/66.175.135.x to version by Cansado. False positive? report it. Thanks£¬ User:BakBOT. (120310) (Bot))
86,# (cur) (last) 00:47£¬ 14 December 2006 Cansado (Talk | contribs) (115£¬836 bytes) (Undid revision xxxxxxxxx by Segundocentro (talk) Removed "crazy" as adjective for Paraiso)
87,# (cur) (last) 00:10£¬ 14 December 2006 Segundocentro (Talk | contribs) (115£¬844 bytes) (?Controversy and criticism)
92,# (cur) (last) 11:50£¬ 13 December 2006 Alejandro (Talk | contribs) (115£¬836 bytes) (rv unsourced opinion)
95,# (cur) (last) 04:48£¬ 13 December 2006 Honoria (Talk | contribs) m (115£¬836 bytes) (Reverted edits by 71.108.10.x (talk) to last version by Pablo6213)
98,# (cur) (last) 00:19£¬ 13 December 2006 RASECZENITRAM (Talk | contribs) m (115£¬897 bytes) (Reverted 1 edit by Mauron. using TW)
100,# (cur) (last) 20:23£¬ 12 December 2006 BakBOT (Talk | contribs) (115£¬897 bytes) (Reverting possible vandalism by Special:Contributions/86.151.194.x to version by Adan. False positive? report it. Thanks£¬ User:BakBOT. (117506) (Bot))
102,# (cur) (last) 20:22£¬ 12 December 2006 Adan (Talk | contribs) (115£¬897 bytes) (Reverted 1 edit by 172.203.243.x identified as vandalism to last revision by 205.227.165.x. (mistakenly reverted/problems? ? FAQ))
105,# (cur) (last) 19:52£¬ 12 December 2006 Agustin (Talk | contribs) m (115£¬930 bytes) (Undid revision xxxxxxxxx by 81.96.243.x (talk))
108,# (cur) (last) 15:05£¬ 12 December 2006 Angus (Talk | contribs) m (115£¬922 bytes) (Reverted edits by 84.9.145.x (talk) to last version by Snakeyes)
110,# (cur) (last) 02:14£¬ 12 December 2006 Snakeyes (Talk | contribs) m (115£¬922 bytes) (Undid revision xxxxxxxxx by 84.158.202.x (talk))
113,# (cur) (last) 01:38£¬ 12 December 2006 BakBOT (Talk | contribs) (115£¬847 bytes) (Reverting possible vandalism by Special:Contributions/84.158.202.x to version by Remedios. False positive? report it. Thanks£¬ User:BakBOT. (116023) (Bot))
115,# (cur) (last) 19:55£¬ 11 December 2006 Remedios (Talk | contribs) (115£¬847 bytes) (Reverted 1 edit by 203.59.152.x identified as vandalism to last revision by Cansado. using TW)
117,# (cur) (last) 19:23£¬ 11 December 2006 Cansado (Talk | contribs) (115£¬847 bytes) (Undid revision xxxxxxxxx by 66.215.77.x (talk))
121,# (cur) (last) 14:55£¬ 11 December 2006 Edemir (Talk | contribs) m (115£¬847 bytes) (Reverted 1 edit by 24.195.147.x identified as vandalism to last revision by Diegoob. using TW)
123,# (cur) (last) 09:25£¬ 11 December 2006 Diegoob (Talk | contribs) (115£¬847 bytes) (Undid revision xxxxxxxxx by Gafotas (talk))
125,# (cur) (last) 06:32£¬ 11 December 2006 Honoria (Talk | contribs) m (115£¬847 bytes) (Reverted edits by 12.196.12.x (talk) to last version by Salvatora)
127,# (cur) (last) 02:35£¬ 11 December 2006 Salvatora (Talk | contribs) m (115£¬847 bytes) (Reverted 1 edit by 209.7.3.x to last revision by 78.19.244.x.)
130,# (cur) (last) 02:15£¬ 11 December 2006 Josecastro79 (Talk | contribs) m (115£¬823 bytes) (Reverted edits by 219.78.46.x (talk) to last version by Josecastro79)
132,# (cur) (last) 02:13£¬ 11 December 2006 Josecastro79 (Talk | contribs) m (115£¬823 bytes) (Reverted edits by 219.78.46.x (talk) to last version by Agustin)
135,# (cur) (last) 16:05£¬ 10 December 2006 Agustin (Talk | contribs) m (115£¬823 bytes) (Undid revision xxxxxxxxx by 75.3.95.x (talk) vandalism)
137,# (cur) (last) 15:40£¬ 10 December 2006 Sisyfus (Talk | contribs) (115£¬823 bytes) (Undid revision xxxxxxxxx by 75.3.117.x (talk))
141,# (cur) (last) 01:58£¬ 10 December 2006 Gertrudes (Talk | contribs) m (115£¬975 bytes) (Reverted 1 edit by 69.116.73.x identified as vandalism to last revision by 125.238.243.x. using TW)
145,# (cur) (last) 21:54£¬ 9 December 2006 CommonsDelinker (Talk | contribs) (115£¬981 bytes) (Undid revision xxxxxxxxx by 200.119.211.x (talk))
151,# (cur) (last) 19:26£¬ 9 December 2006 Edemir (Talk | contribs) m (117£¬105 bytes) (Undid revision xxxxxxxxx by Generosa (talk) - Removing vandalism)
162,# (cur) (last) 07:49£¬ 9 December 2006 RASECZENITRAM (Talk | contribs) m (118£¬829 bytes) (Reverted 1 edit by 97.82.210.x identified as vandalism to last revision by Gertrudis. using TW)
165,# (cur) (last) 03:16£¬ 9 December 2006 Gertrudis (Talk | contribs) m (118£¬852 bytes) (Reverted edits by 144.132.141.x (talk) to last version by 83.221.150.x)
168,# (cur) (last) 21:15£¬ 8 December 2006 SilviaBot (Talk | contribs) m (118£¬838 bytes) (BOT - Reverted edits by 86.41.68.x {possible vandalism} to revision #xxxxxxxxx by "Airunp".)
170,# (cur) (last) 20:31£¬ 8 December 2006 Airunp (Talk | contribs) m (118£¬838 bytes) (Reverted edits by 76.25.91.x (talk) to last version by Honoria)
172,# (cur) (last) 17:44£¬ 8 December 2006 Honoria (Talk | contribs) m (118£¬838 bytes) (Reverted edits by 206.171.211.x (talk) to last version by Abejundio)
176,# (cur) (last) 22:02£¬ 7 December 2006 DailosTamanca (Talk | contribs) (116£¬608 bytes) (Undid revision xxxxxxxxx by Metamario (talk); revert weasel words£¬ hasn't this gone to court?)
179,# (cur) (last) 00:49£¬ 3 December 2006 Sara (Talk | contribs) m (116£¬134 bytes) (Reverted 1 edit by Aibdescalzo identified as vandalism to last revision by Conrado. using TW)
193,# (cur) (last) 03:31£¬ 20 November 2006 Agustin (Talk | contribs) m (116£¬204 bytes) (Undid revision xxxxxxxxx by Policia (talk) rv vandalism)
203,# (cur) (last) 16:04£¬ 18 November 2006 Sara (Talk | contribs) (110£¬584 bytes) (rv. to my version but removed Attack. Amado flooded the article with dissemination marterial and deleted import info instead of writing a concise summary of the entire topic)
215,# (cur) (last) 09:01£¬ 18 November 2006 Amado (Talk | contribs) (113£¬061 bytes) (Survive and Right and Wrong)
223,# (cur) (last) 23:06£¬ 16 November 2006 BakBOT (Talk | contribs) (108£¬334 bytes) (Reverting possible vandalism by Special:Contributions/Molotover to version by Clodoveo. If this is a mistake£¬ report it. Thanks£¬ BakBOT. (74757) (Bot))
240,# (cur) (last) 19:04£¬ 12 November 2006 VictoriaV (Talk | contribs) m (105£¬439 bytes) (Reverted 1 edit by Edemir; See£¬ GoodD£¬ you actually should read the refs. makes more sense then. . using TW)
242,# (cur) (last) 18:01£¬ 12 November 2006 VictoriaV (Talk | contribs) m (105£¬439 bytes) (Reverted 1 edit by Edemir; "listed" is factually wrong. each country gets its own report.. using TW)
243,# (cur) (last) 17:39£¬ 12 November 2006 Edemir (Talk | contribs) (105£¬429 bytes) (Previous phrasing is more neutral£¬ but the ref is fine.)
248,# (cur) (last) 08:38£¬ 12 November 2006 Adriano (Talk | contribs) (105£¬319 bytes) (revert to last good version - no offence meant towards last good faith vandalism removal attempt!)
249,# (cur) (last) 08:06£¬ 12 November 2006 Gmarval (Talk | contribs) m (105£¬313 bytes) (Fixed my removal of vandalsim.)
250,# (cur) (last) 08:04£¬ 12 November 2006 Gmarval (Talk | contribs) (105£¬296 bytes) (Removed Vandalism)
254,# (cur) (last) 16:45£¬ 11 November 2006 Cristiano (Talk | contribs) (105£¬233 bytes) (rv to last edit by WarlordGuadalupe)
263,# (cur) (last) 06:48£¬ 10 November 2006 Amado (Talk | contribs) (105£¬350 bytes) (Undid revision xxxxxxxxx by Amado Sorry I reverted the robot by mistake my bad.)
264,# (cur) (last) 06:46£¬ 10 November 2006 Amado (Talk | contribs) (105£¬327 bytes) (Undid revision xxxxxxxxx by CristovalSorry£¬ That is POV pushing by putting that in the 1st sentence.)
268,# (cur) (last) 18:02£¬ 8 November 2006 Edemir (Talk | contribs) m (105£¬278 bytes) (Reverted 2 edits by Alverio identified as vandalism to last revision by Rufina. using TW)
281,# (cur) (last) 19:11£¬ 7 November 2006 Edemir (Talk | contribs) m (105£¬566 bytes) (Reverted 1 edit by Alberto identified as vandalism to last revision by Sara. using TW)
283,# (cur) (last) 13:05£¬ 7 November 2006 Sara (Talk | contribs) m (105£¬566 bytes) (Reverted to revision xxxxxxxxx by Amado; vandalism. using TW)
289,# (cur) (last) 04:01£¬ 7 November 2006 Sara (Talk | contribs) m (105£¬732 bytes) (Undid revision xxxxxxxxx by Cavaliz (talk))
291,# (cur) (last) 20:19£¬ 6 November 2006 Edemir (Talk | contribs) m (105£¬732 bytes) (Reverted good faith edits by Callas; That more properly belongs in the Angel article£¬ where it is already.. using TW)
298,# (cur) (last) 03:07£¬ 6 November 2006 Cuarto (Talk | contribs) (105£¬543 bytes) (Undid revision xxxxxxxxx by VictoriaV reverted link butchered by VictoriaV)
314,# (cur) (last) 19:21£¬ 5 November 2006 Edemir (Talk | contribs) (104£¬381 bytes) (Undid revision xxxxxxxxx by Adriano.S (talk) - Undoing because the added ref isn't a RS£¬ and the new language wasn't grammatical.)
315,# (cur) (last) 18:49£¬ 5 November 2006 Adriano (Talk | contribs) (104£¬609 bytes) (?Paraiso as a state-recognized religion - Is this wording any better? Just revert me if you don't think it an improvement...)
337,# (cur) (last) 14:40£¬ 26 October 2006 Maddie200611 (Talk | contribs) (103£¬956 bytes) (Added revised paragraph£¬ per talk page)
339,# (cur) (last) 11:24£¬ 26 October 2006 Sara (Talk | contribs) (101£¬223 bytes) (revert myself back to Amado's version)
344,# (cur) (last) 01:15£¬ 23 October 2006 DailosTamanca (Talk | contribs) (101£¬036 bytes) (Undid revision xxxxxxxxx by Davo520 (talk); POV)
352,# (cur) (last) 08:52£¬ 17 October 2006 Jekter (Talk | contribs) m (99£¬741 bytes) (Reverted 1 edit by Salbatora identified as vandalism to last revision by Seina.)
354,# (cur) (last) 06:53£¬ 15 October 2006 Seina (Talk | contribs) m (99£¬741 bytes) (Reverted 1 edit by Chien; Restoring semi-protection tag (still protected). using TW)
356,# (cur) (last) 01:12£¬ 14 October 2006 Edemir (Talk | contribs) (99£¬741 bytes) (Undid revision xxxxxxxxx - VictoriaV£¬ it's still not relevant£¬ and we've no reason to doubt the source. See talk page.)
358,# (cur) (last) 00:22£¬ 14 October 2006 Edemir (Talk | contribs) m (99£¬741 bytes) (Reverted good faith edits by VictoriaV; That's not the population of the United States. You don't think we've put on almost 100 million people in six years£¬ do you?. using [[W)
362,# (cur) (last) 22:47£¬ 13 October 2006 Edemir (Talk | contribs) (99£¬742 bytes) (?Membership - Lets meet in the middle£¬ shall we? The rest is superfluous£¬ but the actual number of interviewees is fine -- and more importantly£¬ in the ref.)
373,# (cur) (last) 23:39£¬ 11 October 2006 Edemir (Talk | contribs) m (99£¬526 bytes) (Reverted 1 edit by 207.61.57.x identified as vandalism to last revision by Seina. using TW)
375,# (cur) (last) 17:43£¬ 11 October 2006 Seina (Talk | contribs) m (99£¬526 bytes) (Reverted 1 edit by 172.202.237.x identified as vandalism to last revision by BakBOT. using TW)
378,# (cur) (last) 17:37£¬ 11 October 2006 BakBOT (Talk | contribs) (99£¬526 bytes) (Reverting possible vandalism by Special:Contributions/68.60.74.x. If this is a mistake£¬ report it. Thanks£¬ BakBOT. (12759) (Bot))
380,# (cur) (last) 16:12£¬ 11 October 2006 Pipi (Talk | contribs) (99£¬526 bytes) (Revert to revision xxxxxxxxx dated 2006-10-11 02:27:48 by Edemir using popups)
384,# (cur) (last) 02:27£¬ 11 October 2006 Edemir (Talk | contribs) m (99£¬526 bytes) (Reverted 1 edit by 209.250.162.x identified as vandalism to last revision by Edemir. using TW)
386,# (cur) (last) 22:15£¬ 10 October 2006 Edemir (Talk | contribs) m (99£¬526 bytes) (Reverted to revision xxxxxxxxx by Niermague; Restoring unvandalized version - Anoryat removed punctuation unnecessarily. using TW)
390,# (cur) (last) 20:55£¬ 9 October 2006 Niermague (Talk | contribs) m (99£¬526 bytes) (Reverted 1 edit by 75.131.224.x identified as vandalism to last revision by Edemir.)
392,# (cur) (last) 20:54£¬ 9 October 2006 Edemir (Talk | contribs) m (99£¬526 bytes) (Reverted 1 edit by 75.131.224.x identified as vandalism to last revision by Alvaro. using TW)
394,# (cur) (last) 20:51£¬ 9 October 2006 Alvaro (Talk | contribs) m (99£¬526 bytes) (Reverted edits by 75.131.224.x (talk) to last version by Sara)
396,# (cur) (last) 16:52£¬ 9 October 2006 Sara (Talk | contribs) m (99£¬526 bytes) (revert)
402,# (cur) (last) 14:57£¬ 9 October 2006 Chkbot (Talk | contribs) m (99£¬526 bytes) (Automatically reverting possible vandalism by 74.212.7.x to last good revision by Sarita)
404,# (cur) (last) 11:10£¬ 9 October 2006 Sarita (Talk | contribs) m (99£¬526 bytes) (Reverted to revision xxxxxxxxx by BelbBOT; rvv. using TWINKLE)
405,# (cur) (last) 11:09£¬ 9 October 2006 Sarita (Talk | contribs) (99£¬587 bytes) (Revert to revision xxxxxxxxx dated 2006-10-09 11:06:17 by 69.26.121.x using popups)
410,# (cur) (last) 21:56£¬ 8 October 2006 Ginessa (Talk | contribs) m (99£¬477 bytes) (Reverted edits by 76.100.50.x (talk) to last revision (xxxxxxxxx) by using VP)
412,# (cur) (last) 20:40£¬ 8 October 2006 Edemir (Talk | contribs) m (99£¬477 bytes) (Reverted 1 edit by 58.179.241.x identified as vandalism to last revision by BakBOT. using TW)
414,# (cur) (last) 19:20£¬ 8 October 2006 BakBOT (Talk | contribs) (99£¬477 bytes) (Reverting possible vandalism by Special:Contributions/128.125.81.x. If this is a mistake£¬ report it. Thanks£¬ BakBOT. (8279) (Bot))
417,# (cur) (last) 04:26£¬ 8 October 2006 Edemir (Talk | contribs) m (99£¬348 bytes) (Removed extraneous cruft that got re-added in an anti-vandalism revert)
423,# (cur) (last) 00:18£¬ 8 October 2006 Cruz (Talk | contribs) m (99£¬440 bytes) (Reverted edits by 81.86.206.x (talk) to last version by Jibbon7)
425,# (cur) (last) 22:05£¬ 7 October 2006 Jibbon7 (Talk | contribs) (99£¬440 bytes) (revert vandalism)
432,# (cur) (last) 14:12£¬ 6 October 2006 Sara (Talk | contribs) m (99£¬439 bytes) (Undid revision xxxxxxxxx by Dove (talk))
444,# (cur) (last) 04:34£¬ 2 October 2006 Jurock (Talk | contribs) m (101£¬142 bytes) (Reverted 1 edit by Amado (talk) to last revision (xxxxxxxxx) by RyogaNica using VP)
446,# (cur) (last) 00:43£¬ 2 October 2006 RyogaNica (Talk | contribs) m (101£¬142 bytes) (Reverted 2 edits by Agustin; POV edits£¬ removing WP:V data and adding irrelevant "controversy" (where there is none). . using TW)
456,# (cur) (last) 04:38£¬ 1 October 2006 RyogaNica (Talk | contribs) m (99£¬286 bytes) (Reverted 2 edits by DavidMorón identified as vandalism to last revision by Amado. using TW)
483,# (cur) (last) 15:03£¬ 26 September 2006 Agustin (Talk | contribs) m (97£¬685 bytes) (Undid revision xxxxxxxxx by Alleborgo (talk) Unsourced)
485,# (cur) (last) 02:43£¬ 25 September 2006 Estirabot (Talk | contribs) m (97£¬685 bytes) (Reverted 1 edit by Cornelio identified as vandalism to last revision by Edemir. using TW)
487,# (cur) (last) 15:41£¬ 24 September 2006 Edemir (Talk | contribs) m (97£¬685 bytes) (Reverted 1 edit by Oscar identified as vandalism to last revision by ErKomandante. using TW)
491,# (cur) (last) 02:40£¬ 21 September 2006 Sara (Talk | contribs) (97£¬692 bytes) (rv. myself I see now£¬ you doubled it before... ok ): £¬ not my day)
492,# (cur) (last) 02:28£¬ 21 September 2006 Sara (Talk | contribs) (97£¬869 bytes) (Undid revision xxxxxxxxx by RyogaNica (talk) don't mark edits as minor if you delete source)
493,# (cur) (last) 02:24£¬ 21 September 2006 Sara (Talk | contribs) m (97£¬692 bytes) (Undid revision xxxxxxxxx by Hermosa (talk))
495,# (cur) (last) 09:02£¬ 19 September 2006 Rocio (Talk | contribs) (97£¬692 bytes) (Undid revision xxxxxxxxx by Cristos (talk))
499,# (cur) (last) 03:30£¬ 19 September 2006 BakBOT (Talk | contribs) (97£¬765 bytes) (Reverting possible vandalism by Special:Contributions/Alphanzo (see here). If this is a mistake£¬ report it. Thanks£¬ BakBOT. (Bot))
504,# (cur) (last)  02:25£¬ 19 September 2006 RyogaNica (Talk | contribs) (97£¬966 bytes) (Undid revision xxxxxxxxx by Edmir (talk) POV pushing)
505,# (cur) (last) 02:21£¬ 19 September 2006 Edemir (Talk | contribs) (97£¬565 bytes) (?Home Health Care - Dept of Health intervention refs)
506,# (cur) (last) 01:18£¬ 19 September 2006 RyogaNica (Talk | contribs) m (97£¬966 bytes) (?Home Health Care - adding to my previuos)
516,# (cur) (last) 21:33£¬ 18 September 2006 RyogaNica (Talk | contribs) (97£¬546 bytes) (Undid revision xxxxxxxxx by DailosTamanca (talk). fraudulent generalization corrected.)
517,# (cur) (last) 18:54£¬ 18 September 2006 DailosTamanca (Talk | contribs) (97£¬503 bytes) (Undid revision xxxxxxxxx by RyogaNica (talk); these details reduce impact of sentence)
520,# (cur) (last) 12:05£¬ 18 September 2006 DailosTamanca (Talk | contribs) (97£¬548 bytes) (Undid revision xxxxxxxxx by RyogaNica (talk); not so ridiculous)
522,# (cur) (last) 04:31£¬ 18 September 2006 RyogaNica (Talk | contribs) m (97£¬548 bytes) (Reverted to revision xxxxxxxxx by RyogaNica; WP:OR and factually wrong. using TW)
527,# (cur) (last) 12:49£¬ 17 September 2006 DailosTamanca (Talk | contribs) m (97£¬868 bytes) (Reverted to revision xxxxxxxxx by DavidMorón; vandalism. using TW)
533,# (cur) (last) 09:01£¬ 16 September 2006 Sara (Talk | contribs) (97£¬555 bytes) (rv myself£¬ didn't see that this was part of the lead. sorry)
537,# (cur) (last) 05:55£¬ 16 September 2006 Sara (Talk | contribs) (97£¬261 bytes) (rv Sofia's last edit wich he labeled with "Pope statement" but deleted conclusions from the German Government including a source)
539,# (cur) (last) 13:49£¬ 15 September 2006 DailosTamanca (Talk | contribs) m (97£¬007 bytes) (Reverted 1 edit by Hectoryalejandro; Michael Moore not notable enough for list. using TW)
551,# (cur) (last) 17:54£¬ 10 September 2006 BjornII (Talk | contribs) (97£¬275 bytes) (rv POV deletions of sourced content)
552,# (cur) (last) 06:52£¬ 10 September 2006 RyogaNica (Talk | contribs) m (93£¬938 bytes) (Reverted to revision xxxxxxxxx by Agustin; now.. using TW)
553,# (cur) (last) 06:29£¬ 10 September 2006 Ciro (Talk | contribs) m (97£¬275 bytes) (Reverted edits by Ciro (talk) to last version by Rm99)
554,# (cur) (last) 06:28£¬ 10 September 2006 Ciro (Talk | contribs) m (93£¬938 bytes) (Reverted edits by Rm99 (talk) to last version by Agustin)
556,# (cur) (last) 22:21£¬ 7 September 2006 Agustin (Talk | contribs) m (93£¬938 bytes) (Undid revision xxxxxxxxx by Idoia (talk) Contents of quotations should not be altered)
558,# (cur) (last) 18:34£¬ 7 September 2006 Edemir (Talk | contribs) m (93£¬938 bytes) (Undid revision xxxxxxxxx by Rocio (talk) - Unsourced and redundant POV addition)
562,# (cur) (last) 17:40£¬ 7 September 2006 Shoshana (Talk | contribs) m (93£¬905 bytes) (Reverted edits by Adolfo (talk) to last version by Socorro)
566,# (cur) (last) 16:14£¬ 7 September 2006 Estirabot (Talk | contribs) m (93£¬905 bytes) (Reverted 1 edit by 66.66.125.x to last revision by Curcio; Rv POV£¬ WP:CITE for how to make citations. using TW)
568,# (cur) (last) 16:11£¬ 7 September 2006 Curcio (Talk | contribs) m (93£¬905 bytes) (rv unsourced POV)
569,# (cur) (last) 16:09£¬ 7 September 2006 66.66.125.x (Talk) (95£¬072 bytes) (Undid revision xxxxxxxxx by Estirabot (talk))
570,# (cur) (last) 16:02£¬ 7 September 2006 Estirabot (Talk | contribs) m (93£¬905 bytes) (Reverted 1 edit by 66.66.125.x to last revision by Estirabot; Rv POV. using TW)
572,# (cur) (last) 15:53£¬ 7 September 2006 Estirabot (Talk | contribs) m (93£¬905 bytes) (Reverted 1 edit by 66.66.125.x to last revision by Estirabot; Rv POV£¬ sorry£¬ misunderstood the problem with your edits. using TW)
574,# (cur) (last) 15:49£¬ 7 September 2006 Estirabot (Talk | contribs) m (93£¬905 bytes) (Reverted 1 edit by 66.66.125.x identified as vandalism to last revision by Estirabot. using TW)
575,# (cur) (last) 15:49£¬ 7 September 2006 66.66.125.x (Talk) (95£¬037 bytes) (Undid revision xxxxxxxxx by Socorro (talk))
576,# (cur) (last) 15:48£¬ 7 September 2006 Estirabot (Talk | contribs) m (93£¬905 bytes) (Reverted 1 edit by 66.66.125.x identified as vandalism to last revision by Socorro. using TW)
577,# (cur) (last) 15:47£¬ 7 September 2006 66.66.125.x (Talk) (95£¬037 bytes) (Undid revision xxxxxxxxx by Socorro (talk))
578,# (cur) (last) 15:17£¬ 7 September 2006 Socorro (Talk | contribs) (93£¬905 bytes) (missed some of 66.66.125.x?'s unsourced POV-pushing earlier. Rv back to Agustin's version.)
581,# (cur) (last) 15:00£¬ 7 September 2006 Socorro (Talk | contribs) (95£¬046 bytes) (rv POV-pushing£¬ unsourced and just plain unfactual material (the Simpsons ep isn't specifically about Paraiso!))
589,# (cur) (last) 13:40£¬ 7 September 2006 66.66.125.x (Talk) (95£¬046 bytes) (Undid revision xxxxxxxxx by Socorro (talk))
590,# (cur) (last) 13:32£¬ 7 September 2006 Socorro (Talk | contribs) (93£¬905 bytes) (rv to last version by Agustin.)
596,# (cur) (last) 06:19£¬ 7 September 2006 Agustin (Talk | contribs) m (93£¬905 bytes) (Undid revision xxxxxxxxx by Savanna (talk) No deletion at all. One added ref.)
597,# (cur) (last) 06:12£¬ 7 September 2006 Savanna (Talk | contribs) (93£¬364 bytes) (Undid revision xxxxxxxxx by Agustin (talk)Mr. Agustin£¬ you have deleted salient information with no justification.)
599,# (cur) (last) 01:28£¬ 7 September 2006 Jfreyre (Talk | contribs) (93£¬364 bytes) (Revert to revision xxxxxxxxx dated 2006-09-07 00:04:41 by Paintman using popups)
601,# (cur) (last) 00:04£¬ 7 September 2006 Paintman (Talk | contribs) m (93£¬364 bytes) (Reverted edits by Segunda (talk) to last version by Paintman)
603,# (cur) (last) 23:46£¬ 6 September 2006 Paintman (Talk | contribs) m (93£¬364 bytes) (rv vandal edits)
606,# (cur) (last) 21:25£¬ 6 September 2006 Sarita (Talk | contribs) m (93£¬364 bytes) (Reverted 1 edit by 75.84.111.x to last revision by SilviaBot. using TWINKLE)
608,# (cur) (last) 20:37£¬ 6 September 2006 SilviaBot (Talk | contribs) m (93£¬364 bytes) (BOT - Reverted edits by 71.136.71.x {vandalism} to revision #xxxxxxxxx by "Arate".)
610,# (cur) (last) 20:19£¬ 6 September 2006 Arate (Talk | contribs) m (93£¬364 bytes) (Reverted 1 edit by 75.84.111.x identified as vandalism to last revision by Rjgalindo. using TW)
616,# (cur) (last) 06:32£¬ 6 September 2006 Ciro (Talk | contribs) m (93£¬839 bytes) (Reverted edits by 81.132.254.x (talk) to last version by Seina)
617,# (cur) (last) 06:31£¬ 6 September 2006 81.132.254.x (Talk) (93£¬843 bytes) (Undid revision xxxxxxxxx by Seina (talk))
618,# (cur) (last) 06:29£¬ 6 September 2006 Seina (Talk | contribs) (93£¬839 bytes) (rv/v to last edit by Gerarda)
619,# (cur) (last) 06:28£¬ 6 September 2006 81.132.254.x (Talk) (93£¬843 bytes) (Undid revision xxxxxxxxx by Gerarda (talk))
620,# (cur) (last) 06:25£¬ 6 September 2006 Gerarda (Talk | contribs) m (93£¬839 bytes) (Reverted 1 edit by 81.132.254.x to last revision by Ciro. using TW)
623,# (cur) (last) 05:53£¬ 6 September 2006 BakBOT (Talk | contribs) (93£¬839 bytes) (Reverting possible vandalism by Special:Contributions/69.14.85.x. If this is a mistake£¬ report it. Thanks£¬ BakBOT. (Bot))
629,# (cur) (last) 01:41£¬ 6 September 2006 Roldana (Talk | contribs) (93£¬842 bytes) (Rv material added based on single source)
632,# (cur) (last) 00:19£¬ 6 September 2006 Cris (Talk | contribs) m (93£¬842 bytes) (Reverted 1 edit by 24.118.114.x identified as vandalism to last revision by Edemir. using TW)
634,# (cur) (last) 22:18£¬ 5 September 2006 Edemir (Talk | contribs) (93£¬842 bytes) (Undid revision xxxxxxxxx by 64.4.113.x (talk))
636,# (cur) (last) 20:26£¬ 5 September 2006 SilviaBot (Talk | contribs) m (93£¬842 bytes) (BOT - Reverted edits by Gregoria {information} to revision #xxxxxxxxx by "AlbertoMaria".)
638,# (cur) (last) 20:24£¬ 5 September 2006 AlbertoMaria (Talk | contribs) (93£¬842 bytes) (Undid revision xxxxxxxxx by Gregoria (talk))
640,# (cur) (last) 19:53£¬ 5 September 2006 Alfredo (Talk | contribs) (93£¬842 bytes) (Undid revision xxxxxxxxx by 82.152.249.x (talk) 5th time vandal)
642,# (cur) (last) 19:45£¬ 5 September 2006 Mercenario97 (Talk | contribs) m (93£¬842 bytes) (Reverted 1 edit by 82.152.249.x identified as vandalism to last revision by Genoveva.)
644,# (cur) (last) 19:43£¬ 5 September 2006 Genoveva (Talk | contribs) m (93£¬842 bytes) (Reverted 1 edit by 82.152.249.x identified as vandalism to last revision by DailosTamanca. (using Twinkle))
646,# (cur) (last) 19:35£¬ 5 September 2006 DailosTamanca (Talk | contribs) (93£¬842 bytes) (Undid revision xxxxxxxxx by 82.152.249.x (talk))
648,# (cur) (last) 19:16£¬ 5 September 2006 Alfredo (Talk | contribs) (93£¬842 bytes) (Undid revision xxxxxxxxx by 82.152.249.x (talk) vandalism)
654,# (cur) (last) 16:35£¬ 5 September 2006 Edemir (Talk | contribs) (93£¬412 bytes) (Undid revision xxxxxxxxx by 170.35.208.x (talk) - Vandalism)
656,# (cur) (last) 16:04£¬ 5 September 2006 Romana (Talk | contribs) m (93£¬412 bytes) (Reverted edits by 195.113.65.x (talk) to last version by BakBOT)
658,# (cur) (last) 15:58£¬ 5 September 2006 BakBOT (Talk | contribs) (93£¬412 bytes) (Reverting possible vandalism by Special:Contributions/195.113.65.x. If this is a mistake£¬ report it. Thanks£¬ BakBOT. (Bot))
662,# (cur) (last) 15:22£¬ 5 September 2006 VictoriaV (Talk | contribs) m (93£¬351 bytes) (Reverted to revision xxxxxxxxx by Mandos; unreliable source cannot be used. using TW)
663,# (cur) (last) 15:19£¬ 5 September 2006 Solana (Talk | contribs) (92£¬400 bytes) (Undid revision xxxxxxxxx by 216.73.77.x (talk))
666,# (cur) (last) 13:00£¬ 5 September 2006 BakBOT (Talk | contribs) (93£¬541 bytes) (Reverting possible vandalism by Special:Contributions/131.174.244.x. If this is a mistake£¬ report it. Thanks£¬ BakBOT. (Bot))
672,# (cur) (last) 22:31£¬ 4 September 2006 Guillermina (Talk | contribs) m (93£¬352 bytes) (Reverted edits by 60.241.54.x (talk) to last version by 124.189.51.x)
675,# (cur) (last) 21:13£¬ 4 September 2006 Socorro (Talk | contribs) (93£¬353 bytes) (rv vandalism)
677,# (cur) (last) 20:20£¬ 4 September 2006 Guillermina (Talk | contribs) m (93£¬353 bytes) (Reverted edits by 128.174.36.x (talk) to last version by 138.253.87.x)
683,# (cur) (last) 17:42£¬ 4 September 2006 Cristofor (Talk | contribs) (93£¬270 bytes) (reverted vandalism...)
688,# (cur) (last) 14:42£¬ 4 September 2006 Sara (Talk | contribs) m (93£¬384 bytes) (Undid revision xxxxxxxxx by Guillebelloc (talk))
692,# (cur) (last) 12:28£¬ 4 September 2006 Amado (Talk | contribs) (93£¬500 bytes) (Undid revision xxxxxxxxx by 90.196.227.x (talk))
699,# (cur) (last) 04:24£¬ 4 September 2006 DailosTamanca (Talk | contribs) (93£¬134 bytes) (Undid revision xxxxxxxxx by Ria (talk))
708,# (cur) (last) 22:03£¬ 3 September 2006 BakBOT (Talk | contribs) (93£¬135 bytes) (Reverting possible vandalism by Special:Contributions/Absalon (see here). If this is a mistake£¬ report it. Thanks£¬ BakBOT. (Bot))
712,# (cur) (last) 19:41£¬ 3 September 2006 Seina (Talk | contribs) (93£¬135 bytes) (rv/v to last edit by Claudio)
714,# (cur) (last) 16:40£¬ 3 September 2006 Claudio (Talk | contribs) (93£¬135 bytes) (Reverting vandalism by Special:Contributions/162.129.251.x.)
716,# (cur) (last) 11:59£¬ 3 September 2006 BakBOT (Talk | contribs) (93£¬171 bytes) (Reverting possible vandalism by Special:Contributions/74.120.3.x (see here). If this is a mistake£¬ report it. Thanks£¬ BakBOT. (Bot))
721,# (cur) (last) 07:58£¬ 3 September 2006 Diegoob (Talk | contribs) m (93£¬114 bytes) (rvv)
724,# (cur) (last) 05:43£¬ 3 September 2006 Ricarda (Talk | contribs) (93£¬033 bytes) (Revert to revision xxxxxxxxx dated 2006-09-03 04:30:45 by BakBOT using popups)
726,# (cur) (last) 04:30£¬ 3 September 2006 BakBOT (Talk | contribs) (93£¬033 bytes) (Reverting possible vandalism by Special:Contributions/Cristofer (see here). If this is a mistake£¬ report it. Thanks£¬ BakBOT. (Bot))
734,# (cur) (last) 02:29£¬ 3 September 2006 Sara (Talk | contribs) m (92£¬901 bytes) (Undid revision xxxxxxxxx by 81.156.43.x (talk))
741,# (cur) (last) 23:33£¬ 2 September 2006 VictoriaV (Talk | contribs) m (89£¬897 bytes) (Reverted to revision xxxxxxxxx by Amado; you. are. trying. to. violate. WP:NPOV. no. way.. using TW)
763,# (cur) (last) 03:01£¬ 2 September 2006 Eddiejr00 (Talk | contribs) (92£¬018 bytes) (Undid revision xxxxxxxxx by Hortencia (talk))
765,# (cur) (last) 01:39£¬ 2 September 2006 Kurrop (Talk | contribs) (92£¬018 bytes) (Undid revision xxxxxxxxx by Alejo (talk))
767,# (cur) (last) 01:36£¬ 2 September 2006 Kurrop (Talk | contribs) (92£¬018 bytes) (Undid revision xxxxxxxxx by Alejo (talk))
769,# (cur) (last) 01:34£¬ 2 September 2006 Kurrop (Talk | contribs) (92£¬018 bytes) (Undid revision xxxxxxxxx by Alejo (talk))
773,# (cur) (last) 01:11£¬ 2 September 2006 Kurrop (Talk | contribs) (92£¬018 bytes) (Undid revision xxxxxxxxx by Alejo (talk))
775,# (cur) (last) 01:10£¬ 2 September 2006 BakBOT (Talk | contribs) (92£¬018 bytes) (Reverting possible vandalism by Special:Contributions/Alejo (see here). If this is a mistake£¬ report it. Thanks£¬ BakBOT. (Bot))
777,# (cur) (last) 00:57£¬ 2 September 2006 Alarico (Talk | contribs) m (92£¬018 bytes) (Reverted 1 edit by 86.135.211.x identified as vandalism to last revision by Cortez. using TW)
782,# (cur) (last) 15:53£¬ 1 September 2006 Ricarda (Talk | contribs) (92£¬044 bytes) (Undid revision xxxxxxxxx by 69.74.29.x (talk))
785,# (cur) (last) 05:21£¬ 1 September 2006 Edmenb (Talk | contribs) (92£¬025 bytes) (Revert 1 edit by 74.66.230.x (talk) to last revision by Sara using amelvand)
787,# (cur) (last) 01:36£¬ 1 September 2006 Sara (Talk | contribs) (92£¬025 bytes) (rv myself. dammit it does in a table ):)
788,# (cur) (last) 01:26£¬ 1 September 2006 Sara (Talk | contribs) (92£¬102 bytes) (rv. the new source doesn't even mention Paraiso and rather contradicts the claim)
790,# (cur) (last) 23:05£¬ 31 August 2006 BakBOT (Talk | contribs) (92£¬102 bytes) (Reverting possible vandalism by Special:Contributions/209.155.27.x (see here). If this is a mistake£¬ report it. Thanks£¬ BakBOT. (Bot))
795,# (cur) (last) 22:19£¬ 31 August 2006 VictoriaV (Talk | contribs) m (92£¬109 bytes) (Reverted to revision xxxxxxxxx by VictoriaV; phase one£¬ restoring arbitrary deletion. . using TW)
797,# (cur) (last) 19:40£¬ 31 August 2006 Agustin (Talk | contribs) m (91£¬891 bytes) (Undid revision xxxxxxxxx by VictoriaV (talk) I challenge this reference. "Unverifiable material may be challenged and removed")
798,# (cur) (last) 19:15£¬ 31 August 2006 VictoriaV (Talk | contribs) (92£¬109 bytes) (Undid revision xxxxxxxxx by Agustin If you don't understand something£¬ ask£¬ but don't delete references.)
801,# (cur) (last) 13:36£¬ 31 August 2006 Sierra (Talk | contribs) m (91£¬644 bytes) (Reverted edits by 87.126.21.x (talk) to last version by Hispa)
803,# (cur) (last) 13:01£¬ 31 August 2006 Hispa (Talk | contribs) m (91£¬644 bytes) (Reverted 1 edit by 75.179.21.x identified as vandalism to last revision by BakBOT. using TW)
805,# (cur) (last) 12:59£¬ 31 August 2006 BakBOT (Talk | contribs) (91£¬644 bytes) (Reverting possible vandalism by Special:Contributions/75.179.21.x (see here). If this is a mistake£¬ report it. Thanks£¬ BakBOT. (Bot))
807,# (cur) (last) 12:27£¬ 31 August 2006 Agustin (Talk | contribs) m (91£¬644 bytes) (rv two junk edits to last version by BakBOT)
810,# (cur) (last) 06:23£¬ 31 August 2006 BakBOT (Talk | contribs) (91£¬644 bytes) (Reverting possible vandalism by Special:Contributions/204.52.215.x (see here). If this is a mistake£¬ report it. Thanks£¬ BakBOT. (Bot))
812,# (cur) (last) 06:00£¬ 31 August 2006 Sara (Talk | contribs) (91£¬644 bytes) (partly reverted RyogaNica. ... not all "critical" sites are personal sites)
815,# (cur) (last) 03:44£¬ 31 August 2006 BakBOT (Talk | contribs) (91£¬645 bytes) (Reverting possible vandalism by Special:Contributions/75.81.8.x (see here). If this is a mistake£¬ report it. Thanks£¬ BakBOT. (Bot))
817,# (cur) (last) 03:26£¬ 31 August 2006 Rosalinda (Talk | contribs) m (91£¬645 bytes) (Reverted 1 edit by 24.168.142.x identified as vandalism to last revision by BakBOT. using TW)
819,# (cur) (last) 03:19£¬ 31 August 2006 BakBOT (Talk | contribs) (91£¬645 bytes) (Reverting possible vandalism by Special:Contributions/24.168.142.x (see here). If this is a mistake£¬ report it. Thanks£¬ BakBOT. (Bot))
821,# (cur) (last) 00:09£¬ 31 August 2006 BjornII (Talk | contribs) m (91£¬645 bytes) (Reverted edits by Alvar (talk) to last version by Niermague)
824,# (cur) (last) 00:08£¬ 31 August 2006 Niermague (Talk | contribs) m (91£¬645 bytes) (Reverted 1 edit by Alvar identified as vandalism to last revision by Sara.)
827,# (cur) (last) 22:04£¬ 30 August 2006 SantiMonse (Talk | contribs) m (91£¬621 bytes) (Reverted 1 edit by 79.65.65.x identified as vandalism to last revision by 152.10.189.x. using TW)
828,# (cur) (last) 22:04£¬ 30 August 2006 79.65.65.x (Talk) (91£¬659 bytes) (Undid revision xxxxxxxxx by 152.10.189.x (talk))
833,# (cur) (last) 02:57£¬ 30 August 2006 BakBOT (Talk | contribs) (93£¬206 bytes) (Reverting possible vandalism by Special:Contributions/71.59.210.x (see here). If this is a mistake£¬ report it. Thanks£¬ BakBOT. (Bot))
840,# (cur) (last) 17:43£¬ 29 August 2006 DailosTamanca (Talk | contribs) (93£¬207 bytes) (revert POV)
844,# (cur) (last) 02:32£¬ 29 August 2006 RyogaNica (Talk | contribs) m (93£¬207 bytes) (Reverted 1 edit by Rm99 to last revision by Ginebra; WP:WEASEL applies. . using TW)
849,# (cur) (last) 21:21£¬ 28 August 2006 Alano (Talk | contribs) m (93£¬207 bytes) (Reverted edits by Honoratas (talk) to last version by Rosalinde)
862,# (cur) (last) 23:53£¬ 27 August 2006 Makila (Talk | contribs) m (100£¬242 bytes) (Reverted 1 edit by 71.68.15.x identified as vandalism to last revision by Makila. using TW)
864,# (cur) (last) 23:52£¬ 27 August 2006 Makila (Talk | contribs) m (100£¬242 bytes) (Reverted 4 edits by 71.68.15.x identified as vandalism to last revision by Sara. using TW)
869,# (cur) (last) 22:59£¬ 27 August 2006 Sara (Talk | contribs) m (100£¬242 bytes) (Undid revision xxxxxxxxx by 68.101.65.x (talk) more vandalism- semi page protection ?)
871,# (cur) (last) 22:52£¬ 27 August 2006 Sara (Talk | contribs) m (100£¬242 bytes) (Undid revision xxxxxxxxx by 88.91.134.x (talk)vandalism)
873,# (cur) (last) 22:49£¬ 27 August 2006 Simona (Talk | contribs) m (100£¬242 bytes) (Reverted edits by 88.91.134.x (talk) to last version by Simona)
875,# (cur) (last) 22:45£¬ 27 August 2006 Simona (Talk | contribs) m (100£¬242 bytes) (Reverted edits by 88.91.134.x (talk) to last version by Sabina)
878,# (cur) (last) 20:17£¬ 27 August 2006 BakBOT (Talk | contribs) (100£¬242 bytes) (Reverting possible vandalism by Special:Contributions/201.226.51.x (see here). If this is a mistake£¬ report it. Thanks£¬ BakBOT. (Bot))
880,# (cur) (last) 18:57£¬ 27 August 2006 Maddie200611 (Talk | contribs) m (100£¬242 bytes) (Reverted edits by 141.140.150.x (talk) to last version by Rm99)
882,# (cur) (last) 14:49£¬ 27 August 2006 Rm99 (Talk | contribs) (100£¬242 bytes) (restored some links£¬ restored deleted paragraph. not a revert.)
886,# (cur) (last) 06:29£¬ 27 August 2006 Curcio (Talk | contribs) (99£¬738 bytes) (Undid revision xxxxxxxxx by 70.178.167.x (talk))
888,# (cur) (last) 06:10£¬ 27 August 2006 Paintman (Talk | contribs) m (99£¬738 bytes) (Reverted 1 edit by 209.120.162.x identified as vandalism to last revision by Sara. (TW))
890,# (cur) (last) 03:32£¬ 27 August 2006 Sara (Talk | contribs) (99£¬738 bytes) (Undid revision xxxxxxxxx by 86.16.191.x (talk))
894,# (cur) (last) 23:43£¬ 26 August 2006 Jfreyre (Talk | contribs) (101£¬117 bytes) (Undid revision xxxxxxxxx by 65.95.124.x (talk))
897,# (cur) (last) 23:32£¬ 26 August 2006 Jfreyre (Talk | contribs) (101£¬089 bytes) (Revert to revision xxxxxxxxx dated 2006-08-26 23:03:37 by Rm99 using popups)
899,# (cur) (last) 23:03£¬ 26 August 2006 Rm99 (Talk | contribs) (101£¬089 bytes) (rvt due to vandalism)
912,# (cur) (last) 03:40£¬ 26 August 2006 Agustin (Talk | contribs) m (101£¬067 bytes) (Undid revision xxxxxxxxx by 65.91.29.x (talk))
914,# (cur) (last) 00:27£¬ 26 August 2006 Abelardo (Talk | contribs) m (101£¬067 bytes) (Reverted edits by 58.2.236.x (talk) to last version by Rosario)
916,# (cur) (last) 00:07£¬ 26 August 2006 Rosario (Talk | contribs) m (101£¬067 bytes) (Reverted edits by 64.25.200.x (talk) to last revision (xxxxxxxxx) by BakBOT using VP)
919,# (cur) (last) 17:04£¬ 25 August 2006 BakBOT (Talk | contribs) (101£¬067 bytes) (Reverting possible vandalism by Special:Contributions/Alejandrosanchez (see here). If this is a mistake£¬ report it. Thanks£¬ BakBOT. (Bot))
921,# (cur) (last) 15:39£¬ 25 August 2006 Ricarda (Talk | contribs) (101£¬067 bytes) (Undid revision xxxxxxxxx by 86.135.211.x (talk))
923,# (cur) (last) 07:04£¬ 25 August 2006 Abelardo (Talk | contribs) m (101£¬067 bytes) (Reverted edits by 89.57.190.x (talk) to last version by Agustin)
925,# (cur) (last) 13:50£¬ 24 August 2006 Agustin (Talk | contribs) m (101£¬067 bytes) (rv 3 vandalism edits to last version by Curcio)
929,# (cur) (last) 06:06£¬ 24 August 2006 Curcio (Talk | contribs) (101£¬067 bytes) (Undid revision xxxxxxxxx by o10101100 (talk))
932,# (cur) (last) 05:56£¬ 24 August 2006 Salvadora (Talk | contribs) (101£¬058 bytes) (Undid revision xxxxxxxxx by o10101100 (talk) - That was not spelling correction that is vandalism.)
934,# (cur) (last) 05:33£¬ 24 August 2006 80.175.28.x (Talk) (101£¬058 bytes) (Undid revision xxxxxxxxx by 124.186.233.x (talk) double content)
940,# (cur) (last) 03:46£¬ 17 August 2006 Agustin (Talk | contribs) (100£¬851 bytes) (?Critical links - Paul Bunyan has previously link-spamed Wikipedia for his sites)
943,# (cur) (last) 03:33£¬ 17 August 2006 VictoriaV (Talk | contribs) m (101£¬037 bytes) (Reverted to revision xxxxxxxxx by VictoriaV; back to where we started off. this is ridiculous. I still invite you to go to the talk page and bring ARGUMENTS!. using TW)
944,# (cur) (last) 03:23£¬ 17 August 2006 Agustin (Talk | contribs) (100£¬894 bytes) (Undid revision xxxxxxxxx by VictoriaV (talk) EL removals amounting to vandalism)
945,# (cur) (last) 03:21£¬ 17 August 2006 VictoriaV (Talk | contribs) m (98£¬581 bytes) (Reverted to revision xxxxxxxxx by VictoriaV; Rm99£¬ also all "positive" secondary ones£¬ but I didn't expect you to see that. . using TW)
951,# (cur) (last) 03:01£¬ 17 August 2006 VictoriaV (Talk | contribs) m (101£¬037 bytes) (Reverted to revision xxxxxxxxx by Rm99; bummer£¬ three reverts and more for Rm99 again. Let's freeze this site once more. . using TW)
955,# (cur) (last) 02:27£¬ 17 August 2006 Savanna (Talk | contribs) (100£¬887 bytes) (Undid revision xxxxxxxxx by DailosTamanca I am reinstating my earlier citation and edits as no legit reason was given for deleting them.)
957,# (cur) (last) 02:17£¬ 17 August 2006 DailosTamanca (Talk | contribs) (100£¬083 bytes) (Undid revision xxxxxxxxx by VictoriaV (talk); restored edit incorrectly reverted as vandalism)
958,# (cur) (last) 02:12£¬ 17 August 2006 VictoriaV (Talk | contribs) m (100£¬886 bytes) (Reverted 1 edit by Rm99 identified as vandalism to last revision by VictoriaV. using TW)
961,# (cur) (last) 01:51£¬ 17 August 2006 VictoriaV (Talk | contribs) m (100£¬886 bytes) (Reverted 1 edit by Rm99 identified as vandalism to last revision by VictoriaV. using TW)
963,# (cur) (last) 01:25£¬ 17 August 2006 VictoriaV (Talk | contribs) m (100£¬886 bytes) (Reverted 1 edit by Eunispero to last revision by VictoriaV; Sorry£¬ mister£¬ but it is a WP violating ANONYMOUS ra-ra blog of alleged interviews. anyone can edit this.. using [[WP:TWINKLE)
970,# (cur) (last) 05:09£¬ 15 August 2006 Savanna (Talk | contribs) (100£¬943 bytes) (Undid revision xxxxxxxxx by Agustin (talk) I've expressed my views on this on the talk page.)
971,# (cur) (last) 04:34£¬ 15 August 2006 Agustin (Talk | contribs) m (100£¬849 bytes) (Undid revision xxxxxxxxx by VictoriaV (talk) My changes remove POV from both sides and you must be way over 3RR for this section of the ar)
972,# (cur) (last) 04:29£¬ 15 August 2006 VictoriaV (Talk | contribs) (100£¬943 bytes) (Undid revision xxxxxxxxx. Go ahead£¬ but stop destroying my edits.)
973,# (cur) (last) 04:16£¬ 15 August 2006 Agustin (Talk | contribs) m (100£¬849 bytes) (Undid revision xxxxxxxxx by VictoriaV (talk) Yes£¬ please let's discuss WP:EL)
974,# (cur) (last) 04:14£¬ 15 August 2006 VictoriaV (Talk | contribs) (100£¬943 bytes) (Undid revision xxxxxxxxx. Sorry£¬ this is POV-pushing an unacceptable. Most of those ELs are violating WP:EL and you know it. Don't try to cover it up.)
976,# (cur) (last) 01:19£¬ 15 August 2006 Sara (Talk | contribs) m (100£¬943 bytes) (Undid revision xxxxxxxxx by VictoriaV (talk) wording (and/or))
977,# (cur) (last) 23:48£¬ 14 August 2006 VictoriaV (Talk | contribs) m (100£¬975 bytes) (Reverted 1 edit by DailosTamanca to last revision by VictoriaV; Show me a GOVERNMENT who said that. this is intentionally worded that way.. using TW)
979,# (cur) (last) 23:36£¬ 14 August 2006 VictoriaV (Talk | contribs) m (100£¬975 bytes) (Reverted to revision xxxxxxxxx by VictoriaV; the usual crap by Rm99. using TW)
980,# (cur) (last) 23:30£¬ 14 August 2006 Rm99 (Talk | contribs) (100£¬184 bytes) (rvt due to cult vandalism)
981,# (cur) (last) 23:01£¬ 14 August 2006 VictoriaV (Talk | contribs) m (100£¬975 bytes) (Reverted 1 edit by Rm99 identified as vandalism to last revision by VictoriaV. using TW)
983,# (cur) (last) 22:57£¬ 14 August 2006 VictoriaV (Talk | contribs) m (100£¬975 bytes) (Reverted 2 edits by Rm99 to last revision by Agustin; POV pushing£¬ rv attempt to whitewash private hate sites. using TW)
989,# (cur) (last) 19:53£¬ 14 August 2006 Agustin (Talk | contribs) m (100£¬700 bytes) (Undid revision xxxxxxxxx by KesheR (talk) No cite that Paraiso goals work better with more contributions)
991,# (cur) (last) 19:06£¬ 14 August 2006 Sara (Talk | contribs) (100£¬700 bytes) (rv.  pp. 112 - 130))
997,# (cur) (last) 16:44£¬ 14 August 2006 VictoriaV (Talk | contribs) m (100£¬699 bytes) (Reverted to revision xxxxxxxxx by Savanna; private hobby sites rved. using TW)
1008,# (cur) (last) 01:47£¬ 12 August 2006 Gracia (Talk | contribs) (99£¬909 bytes) (rv - vandalism)
